                  epoch,         train/box_loss,         train/seg_loss,         train/cls_loss,         train/dfl_loss,   metrics/precision(B),      metrics/recall(B),       metrics/mAP50(B),    metrics/mAP50-95(B),   metrics/precision(M),      metrics/recall(M),       metrics/mAP50(M),    metrics/mAP50-95(M),           val/box_loss,           val/seg_loss,           val/cls_loss,           val/dfl_loss,                 lr/pg0,                 lr/pg1,                 lr/pg2
                      1,                 4.4699,                 3.2085,                 12.045,                 2.0884,                0.00074,                0.01583,                0.00045,                0.00012,                0.00045,                0.00967,                0.00023,                  8e-05,                 2.7628,                 1.2774,                 13.942,                 1.2149,              0.0033105,              0.0033105,              0.0033105
                      2,                 4.3649,                  3.265,                 4.5851,                 1.6809,                0.00204,                0.00704,                0.00103,                0.00021,                0.00025,                0.00088,                0.00014,                  1e-05,                  2.928,                  1.347,                 4.1046,                 1.1951,              0.0066425,              0.0066425,              0.0066425
                      3,                 4.3198,                 3.3316,                 4.2692,                 1.5749,                0.00143,                0.03254,                0.00117,                0.00035,                0.00089,                0.02023,                0.00088,                 0.0002,                 2.7218,                 1.3194,                 12.638,                 1.1392,              0.0099732,              0.0099732,              0.0099732
                      4,                  4.421,                 3.2375,                 4.3299,                 1.5525,                 0.0009,                0.01495,                0.00046,                0.00011,                0.00085,                0.01407,                0.00044,                 0.0001,                 2.7854,                 2.2921,                 13.547,                 1.1603,              0.0099941,              0.0099941,              0.0099941
                      5,                 4.4644,                 3.4078,                 4.3529,                 1.5255,                0.00083,                0.01231,                0.00044,                0.00011,                0.00024,                0.00352,                0.00014,                  5e-05,                 2.8034,                 1.3351,                 7.1446,                0.99485,              0.0099941,              0.0099941,              0.0099941
                      6,                 4.4903,                 3.5748,                 5.8047,                 1.5258,                0.00016,                0.00352,                  8e-05,                  2e-05,                      0,                      0,                      0,                      0,                  2.876,                 1.2299,                 10.772,                 1.2211,              0.0099921,              0.0099921,              0.0099921
                      7,                  4.546,                 3.2683,                 4.5105,                 1.5131,                0.00016,                0.00352,                  8e-05,                  2e-05,                      0,                      0,                      0,                      0,                 2.8213,                  1.325,                 2.9002,                0.96093,              0.0099901,              0.0099901,              0.0099901
                      8,                 4.5675,                 3.5262,                 4.5623,                 1.5127,                 0.0002,                0.00528,                0.00011,                  3e-05,                0.00014,                0.00352,                  7e-05,                  2e-05,                  2.863,                 1.3619,                 17.489,                 1.0397,              0.0099881,              0.0099881,              0.0099881
                      9,                 4.5799,                 3.5034,                 4.4685,                 1.4964,                0.00022,                0.00352,                0.00012,                  2e-05,                      0,                      0,                      0,                      0,                 2.9456,                 40.403,                 5.7106,                 1.0101,              0.0099861,              0.0099861,              0.0099861
                     10,                 4.5535,                 3.3917,                 4.5165,                  1.502,                0.00022,                0.00352,                0.00012,                  2e-05,                      0,                      0,                      0,                      0,                 2.2913,                 1.4773,                 2.3012,                0.87437,              0.0099842,              0.0099842,              0.0099842
                     11,                  4.527,                 3.5703,                 4.8504,                 1.5112,                0.00022,                0.00352,                0.00012,                  2e-05,                      0,                      0,                      0,                      0,                 2.7872,                 1.3295,                 2.5617,                0.90477,              0.0099822,              0.0099822,              0.0099822
                     12,                 4.5769,                 3.4603,                  4.588,                 1.4339,                0.00022,                0.00352,                0.00012,                  2e-05,                      0,                      0,                      0,                      0,                  2.818,                 1.1926,                 2.6088,                0.91493,              0.0099802,              0.0099802,              0.0099802
                     13,                 4.5539,                 3.3925,                 4.5393,                   1.43,                0.00022,                0.00352,                0.00012,                  2e-05,                      0,                      0,                      0,                      0,                 2.2292,                 1.0697,                 15.892,                0.70994,              0.0099782,              0.0099782,              0.0099782
                     14,                 4.5247,                 3.4622,                 4.5057,                 1.4173,                0.00022,                0.00352,                0.00012,                  2e-05,                      0,                      0,                      0,                      0,                 2.8321,                  1.328,                 2.5553,                 0.9814,              0.0099762,              0.0099762,              0.0099762
                     15,                 4.5263,                 3.4744,                 4.4959,                 1.4376,                0.00022,                0.00352,                0.00012,                  2e-05,                      0,                      0,                      0,                      0,                 2.7782,                 1.3411,                 2.4938,                 0.8887,              0.0099743,              0.0099743,              0.0099743
                     16,                 4.5357,                 3.4365,                 4.5243,                  1.446,                0.00022,                0.00352,                0.00012,                  2e-05,                      0,                      0,                      0,                      0,                 2.8303,                 1.2991,                 14.935,                 1.2533,              0.0099723,              0.0099723,              0.0099723
                     17,                  4.518,                 3.3148,                   4.67,                 1.4491,                0.00071,                0.00264,                0.00036,                  7e-05,                      0,                      0,                      0,                      0,                 2.8321,                 1.2447,                 2.5841,                 1.0541,              0.0099703,              0.0099703,              0.0099703
                     18,                 4.5414,                 3.5068,                 4.6662,                 1.4259,                0.00071,                0.00264,                0.00036,                  7e-05,                      0,                      0,                      0,                      0,                  2.828,                  1.387,                 9.1157,                0.91211,              0.0099683,              0.0099683,              0.0099683
                     19,                 4.4978,                 3.3896,                 4.6161,                  1.409,                0.00071,                0.00264,                0.00036,                  7e-05,                      0,                      0,                      0,                      0,                 2.8336,                 1.3245,                 8.4674,                0.92375,              0.0099663,              0.0099663,              0.0099663
                     20,                 4.5052,                 3.4611,                 4.5789,                 1.4012,                0.00071,                0.00264,                0.00036,                  7e-05,                      0,                      0,                      0,                      0,                 2.8008,                 1.3283,                 4.0279,                0.89326,              0.0099644,              0.0099644,              0.0099644
                     21,                 4.5483,                 3.4444,                  4.715,                 1.4199,                0.00071,                0.00264,                0.00036,                  7e-05,                      0,                      0,                      0,                      0,                 2.7662,                 1.3015,                 2.8394,                0.86725,              0.0099624,              0.0099624,              0.0099624
                     22,                 4.5058,                 3.4118,                 4.6144,                 1.4034,                0.00071,                0.00264,                0.00036,                  7e-05,                      0,                      0,                      0,                      0,                 2.7559,                  1.329,                  2.549,                0.88644,              0.0099604,              0.0099604,              0.0099604
                     23,                 4.5144,                 3.4385,                 4.6367,                 1.3969,                0.00071,                0.00264,                0.00036,                  7e-05,                      0,                      0,                      0,                      0,                 2.2257,                 1.0621,                 23.588,                0.68446,              0.0099584,              0.0099584,              0.0099584
                     24,                 4.5671,                 3.4333,                 4.5698,                 1.4086,                0.00071,                0.00264,                0.00036,                  7e-05,                      0,                      0,                      0,                      0,                 2.2461,                 1.0615,                 14.654,                0.71782,              0.0099564,              0.0099564,              0.0099564
                     25,                 4.4869,                 3.3551,                 4.6363,                 1.4291,                0.00071,                0.00264,                0.00036,                  7e-05,                      0,                      0,                      0,                      0,                 2.7887,                 1.3303,                  2.636,                0.87105,              0.0099545,              0.0099545,              0.0099545
                     26,                 4.5046,                 3.3889,                 4.5723,                 1.4125,                0.00071,                0.00264,                0.00036,                  7e-05,                      0,                      0,                      0,                      0,                 2.7998,                 1.3262,                 5.8609,                0.89007,              0.0099525,              0.0099525,              0.0099525
                     27,                 4.4949,                 3.5583,                 4.7654,                 1.4028,                0.00071,                0.00264,                0.00036,                  7e-05,                      0,                      0,                      0,                      0,                 2.7858,                 1.3271,                 18.546,                0.90593,              0.0099505,              0.0099505,              0.0099505
                     28,                 4.5232,                 3.5347,                 4.3638,                 1.4049,                0.00071,                0.00264,                0.00036,                  7e-05,                      0,                      0,                      0,                      0,                  2.806,                 1.3299,                 15.002,                0.87395,              0.0099485,              0.0099485,              0.0099485
                     29,                 4.5443,                  3.413,                 4.4315,                 1.4069,                0.00071,                0.00264,                0.00036,                  7e-05,                      0,                      0,                      0,                      0,                 2.7877,                 1.3297,                 16.315,                0.87853,              0.0099465,              0.0099465,              0.0099465
                     30,                 4.5003,                 3.4629,                 4.4912,                 1.3948,                0.00071,                0.00264,                0.00036,                  7e-05,                      0,                      0,                      0,                      0,                  2.803,                 1.3294,                 3.2637,                0.87596,              0.0099446,              0.0099446,              0.0099446
                     31,                 4.5315,                 3.3549,                  4.499,                 1.4285,                0.00071,                0.00264,                0.00036,                  7e-05,                      0,                      0,                      0,                      0,                 2.7671,                 1.3302,                 3.2582,                0.87211,              0.0099426,              0.0099426,              0.0099426
                     32,                 4.5175,                 3.2633,                  4.574,                 1.4024,                0.00071,                0.00264,                0.00036,                  7e-05,                      0,                      0,                      0,                      0,                 2.8643,                 1.3296,                  10.79,                0.87304,              0.0099406,              0.0099406,              0.0099406
                     33,                 4.5399,                 3.5156,                 4.3909,                 1.3717,                0.00071,                0.00264,                0.00036,                  7e-05,                      0,                      0,                      0,                      0,                 2.7697,                 1.3322,                 15.185,                0.86171,              0.0099386,              0.0099386,              0.0099386
                     34,                 4.4763,                 3.4438,                  4.496,                 1.3996,                0.00071,                0.00264,                0.00036,                  7e-05,                      0,                      0,                      0,                      0,                 2.7744,                 1.3319,                 4.3823,                0.87013,              0.0099366,              0.0099366,              0.0099366
                     35,                 4.4926,                 3.3827,                 4.3286,                 1.4179,                0.00071,                0.00264,                0.00036,                  7e-05,                      0,                      0,                      0,                      0,                 2.7712,                 1.3296,                 11.829,                0.88297,              0.0099347,              0.0099347,              0.0099347
                     36,                 4.5198,                 3.4036,                 5.3798,                 1.4057,                0.00071,                0.00264,                0.00036,                  7e-05,                      0,                      0,                      0,                      0,                 2.8042,                  1.332,                 13.051,                0.89874,              0.0099327,              0.0099327,              0.0099327
                     37,                 4.4924,                 3.4091,                 4.5522,                 1.3816,                0.00071,                0.00264,                0.00036,                  7e-05,                      0,                      0,                      0,                      0,                 2.7958,                 1.3359,                 12.424,                0.86317,              0.0099307,              0.0099307,              0.0099307
                     38,                 4.5211,                 3.4691,                 4.4174,                 1.3789,                0.00071,                0.00264,                0.00036,                  7e-05,                      0,                      0,                      0,                      0,                 2.7999,                 1.3315,                 2.9391,                0.86461,              0.0099287,              0.0099287,              0.0099287
                     39,                 4.4842,                 3.3233,                 4.4664,                 1.3764,                0.00071,                0.00264,                0.00036,                  7e-05,                      0,                      0,                      0,                      0,                  2.809,                 1.3338,                 2.8195,                0.86571,              0.0099267,              0.0099267,              0.0099267
                     40,                 4.5428,                 3.3908,                 4.5199,                 1.3704,                0.00037,                0.00176,                0.00019,                  6e-05,                      0,                      0,                      0,                      0,                 2.7675,                 1.3307,                 2.8874,                0.88324,              0.0099248,              0.0099248,              0.0099248
                     41,                 4.5299,                 3.4696,                 4.4957,                 1.4324,                0.00084,                0.00088,                0.00042,                  4e-05,                      0,                      0,                      0,                      0,                 2.7782,                 1.3305,                 13.155,                0.88264,              0.0099228,              0.0099228,              0.0099228
                     42,                 4.5606,                 3.4472,                 18.382,                 1.4381,                0.00084,                0.00088,                0.00042,                  4e-05,                      0,                      0,                      0,                      0,                 2.8566,                 1.3391,                 11.277,                0.90089,              0.0099208,              0.0099208,              0.0099208
                     43,                 4.5144,                 3.4585,                 4.4228,                 1.4163,                0.00084,                0.00088,                0.00042,                  4e-05,                      0,                      0,                      0,                      0,                 2.8107,                 1.3265,                 17.176,                0.87786,              0.0099188,              0.0099188,              0.0099188
                     44,                 4.5232,                 3.6118,                 4.3081,                 1.3598,                0.00084,                0.00088,                0.00042,                  4e-05,                      0,                      0,                      0,                      0,                 2.8186,                 1.3143,                 13.219,                0.86964,              0.0099168,              0.0099168,              0.0099168
                     45,                 4.5362,                 3.4155,                 4.4668,                 1.4089,                0.00084,                0.00088,                0.00042,                  4e-05,                      0,                      0,                      0,                      0,                 2.8028,                 1.3305,                 11.898,                0.86286,              0.0099149,              0.0099149,              0.0099149
                     46,                 4.5249,                 3.3653,                  4.338,                 1.3999,                0.00084,                0.00088,                0.00042,                  4e-05,                      0,                      0,                      0,                      0,                 2.7841,                 1.3052,                 15.578,                0.89078,              0.0099129,              0.0099129,              0.0099129
                     47,                 4.5115,                 3.3721,                 4.3693,                 1.4339,                0.00015,                0.00088,                  8e-05,                  2e-05,                      0,                      0,                      0,                      0,                 2.7833,                 1.3664,                 12.192,                0.88887,              0.0099109,              0.0099109,              0.0099109
                     48,                 4.5099,                 3.4782,                 4.2891,                 1.4332,                0.00053,                0.00264,                0.00027,                  9e-05,                      0,                      0,                      0,                      0,                 2.7879,                 1.3269,                  4.943,                0.89868,              0.0099089,              0.0099089,              0.0099089
                     49,                 4.5242,                 3.4714,                  4.415,                 1.4041,                0.00053,                0.00264,                0.00027,                  9e-05,                      0,                      0,                      0,                      0,                 2.8218,                 1.3299,                 2.8822,                0.87265,              0.0099069,              0.0099069,              0.0099069
                     50,                 4.5311,                 3.4038,                 4.4841,                 1.3849,                0.00053,                0.00264,                0.00027,                  9e-05,                      0,                      0,                      0,                      0,                 2.8393,                 1.3269,                 13.421,                0.86992,               0.009905,               0.009905,               0.009905
                     51,                 4.5296,                 3.3454,                 4.4335,                 1.4023,                0.00053,                0.00264,                0.00027,                  9e-05,                      0,                      0,                      0,                      0,                 2.7644,                 1.3535,                 3.2875,                0.91672,               0.009903,               0.009903,               0.009903
                     52,                 4.5032,                 3.4125,                 4.4049,                 1.4267,                0.00053,                0.00264,                0.00027,                  9e-05,                      0,                      0,                      0,                      0,                 2.7803,                  1.338,                 3.5866,                0.86755,               0.009901,               0.009901,               0.009901
                     53,                 4.4937,                 3.4959,                 4.8778,                 1.3781,                0.00104,                0.00967,                0.00053,                0.00014,                      0,                      0,                      0,                      0,                 2.7803,                 1.3303,                 8.7729,                0.86206,               0.009899,               0.009899,               0.009899
                     54,                  4.505,                 3.4306,                 4.4272,                  1.367,                0.00084,                0.01143,                0.00044,                0.00012,                      0,                      0,                      0,                      0,                  2.771,                 1.3349,                 11.896,                0.87338,               0.009897,               0.009897,               0.009897
                     55,                    4.5,                 3.4644,                  4.275,                 1.3854,                0.00057,                0.00616,                0.00034,                  7e-05,                      0,                      0,                      0,                      0,                 2.7896,                 1.3346,                 11.205,                0.90013,              0.0098951,              0.0098951,              0.0098951
                     56,                 4.4725,                 3.4048,                 4.3651,                 1.3977,                0.00112,                0.01143,                0.00057,                0.00017,                      0,                      0,                      0,                      0,                 2.8182,                 1.3317,                 6.8746,                0.86618,              0.0098931,              0.0098931,              0.0098931
                     57,                  4.463,                 3.3689,                  4.386,                 1.3932,                0.00115,                0.01407,                0.00062,                0.00014,                      0,                      0,                      0,                      0,                 2.7839,                  1.332,                 8.8613,                0.85806,              0.0098911,              0.0098911,              0.0098911
                     58,                 4.4924,                 3.4399,                 4.3994,                 1.3725,                0.00184,                0.00176,                0.00097,                0.00034,                      0,                      0,                      0,                      0,                 2.8038,                 1.3293,                 5.4137,                0.87638,              0.0098891,              0.0098891,              0.0098891
                     59,                 4.4162,                  3.418,                 4.3149,                 1.3881,                 0.0006,                0.00264,                0.00038,                  7e-05,                      0,                      0,                      0,                      0,                 2.7615,                 1.3288,                 3.3311,                0.85871,              0.0098871,              0.0098871,              0.0098871
                     60,                 4.4966,                 3.3629,                 4.5343,                 1.3669,                 0.0006,                0.00264,                0.00038,                  7e-05,                      0,                      0,                      0,                      0,                 2.8007,                 1.3318,                   5.04,                0.90426,              0.0098852,              0.0098852,              0.0098852
                     61,                 4.4826,                 3.4062,                 4.3464,                 1.3852,                0.00089,                0.01143,                0.00046,                0.00013,                      0,                      0,                      0,                      0,                 2.7875,                  1.329,                 7.4312,                 0.8642,              0.0098832,              0.0098832,              0.0098832
                     62,                  4.427,                 3.5167,                 4.3484,                 1.4346,                0.00089,                0.01143,                0.00046,                0.00013,                      0,                      0,                      0,                      0,                  2.773,                 1.3217,                 2.9883,                0.89253,              0.0098812,              0.0098812,              0.0098812
                     63,                 4.4945,                 3.5726,                 4.3126,                 1.3656,                0.00089,                0.01143,                0.00045,                0.00011,                  7e-05,                0.00088,                0.00033,                  8e-05,                 2.8005,                 1.3243,                 6.6192,                0.85808,              0.0098792,              0.0098792,              0.0098792
                     64,                 4.5122,                 3.3655,                 4.4041,                  1.369,                0.00049,                0.00704,                0.00029,                  5e-05,                0.00012,                0.00176,                  7e-05,                  4e-05,                 2.7649,                 1.3276,                 5.4219,                0.86171,              0.0098772,              0.0098772,              0.0098772
                     65,                 4.4614,                 3.5089,                 4.2886,                 1.4156,                0.00097,                0.01143,                0.00052,                0.00012,                0.00045,                0.00528,                0.00023,                  9e-05,                 2.7567,                 1.3242,                 5.4893,                0.88234,              0.0098753,              0.0098753,              0.0098753
                     66,                 4.4396,                 3.3262,                 4.4501,                    1.4,                0.00149,                0.00528,                0.00075,                 0.0001,                      0,                      0,                      0,                      0,                 2.7436,                 1.2816,                  3.857,                0.86657,              0.0098733,              0.0098733,              0.0098733
                     67,                 4.4968,                 3.3427,                 4.3159,                 1.3913,                0.00109,                0.01495,                0.00058,                0.00012,                0.00019,                0.00264,                 0.0026,                0.00254,                 2.7594,                  1.321,                 6.6468,                0.88063,              0.0098713,              0.0098713,              0.0098713
                     68,                 4.4363,                   3.41,                 4.3593,                 1.4373,                0.00082,                0.00792,                0.00042,                0.00013,                0.00018,                0.00176,                0.00015,                  8e-05,                 2.7616,                 1.3157,                 5.6334,                0.86369,              0.0098693,              0.0098693,              0.0098693
                     69,                  4.477,                 3.3931,                 4.4092,                 1.3697,                0.00082,                0.01231,                0.00042,                  8e-05,                0.00023,                0.00352,                0.00012,                  4e-05,                 2.7696,                 1.3203,                 8.8946,                0.87609,              0.0098673,              0.0098673,              0.0098673
                     70,                 4.4825,                 3.4428,                 4.3232,                 1.3794,                 0.0008,                0.01407,                0.00042,                 0.0001,                 0.0002,                0.00352,                 0.0001,                  5e-05,                 2.7851,                 1.3152,                 6.2809,                0.87328,              0.0098654,              0.0098654,              0.0098654
                     71,                 4.4713,                 3.4521,                 4.5296,                 1.3791,                0.00083,                0.01583,                0.00046,                  9e-05,                0.00041,                0.00792,                0.00021,                  2e-05,                 2.7862,                 1.3187,                 9.2643,                0.87607,              0.0098634,              0.0098634,              0.0098634
                     72,                 4.4233,                 3.4173,                 4.3551,                 1.4065,                0.00056,                0.00967,                 0.0003,                  8e-05,                  5e-05,                0.00088,                  3e-05,                  3e-05,                  2.785,                 1.3158,                 6.1563,                0.91923,              0.0098614,              0.0098614,              0.0098614
                     73,                 4.4736,                 3.3722,                 4.4289,                  1.363,                 0.0012,                0.01671,                 0.0008,                0.00016,                0.00019,                0.00264,                 0.0001,                  1e-05,                 2.7637,                 1.3175,                 6.7595,                0.87221,              0.0098594,              0.0098594,              0.0098594
                     74,                  4.388,                 3.4908,                 4.2456,                  1.407,                0.00082,                0.01319,                0.00049,                 0.0001,                0.00038,                0.00616,                0.00022,                0.00011,                 2.7682,                 1.3191,                 7.8762,                0.88477,              0.0098574,              0.0098574,              0.0098574
                     75,                 4.3966,                 3.4194,                 4.2637,                 1.3681,                 0.0011,                0.02023,                0.00058,                0.00014,                0.00067,                0.01231,                0.00035,                0.00012,                  2.759,                 1.3164,                 9.4981,                0.86626,              0.0098555,              0.0098555,              0.0098555
                     76,                 4.4995,                 3.3417,                 4.6277,                 1.3294,                 0.0012,                0.00616,                0.00071,                0.00018,                0.00068,                0.00352,                0.00034,                0.00027,                 2.8073,                 1.3151,                 4.6863,                0.83441,              0.0098535,              0.0098535,              0.0098535
                     77,                 4.4587,                 3.4062,                 4.2985,                  1.394,                0.00129,                0.01319,                0.00071,                0.00025,                0.00095,                0.00967,                0.00048,                0.00015,                 2.7727,                  1.309,                 4.5992,                0.87813,              0.0098515,              0.0098515,              0.0098515
                     78,                 4.4554,                 3.2993,                 4.4823,                 1.3858,                0.00168,                0.00967,                0.00096,                 0.0002,                0.00138,                0.00792,                0.00071,                0.00024,                 2.7903,                  1.313,                 3.3819,                0.85707,              0.0098495,              0.0098495,              0.0098495
                     79,                 4.4334,                  3.437,                 4.2776,                 1.3724,                0.00097,                0.01143,                0.00051,                0.00013,                 0.0003,                0.00352,                0.00015,                  8e-05,                 2.8104,                 1.3107,                 4.8029,                0.85798,              0.0098475,              0.0098475,              0.0098475
                     80,                 4.4398,                 3.4017,                 4.2607,                 1.3757,                0.00107,                0.01495,                0.00068,                0.00016,                0.00044,                0.00616,                0.00023,                 0.0001,                 2.7865,                 1.3066,                 5.4874,                0.86791,              0.0098456,              0.0098456,              0.0098456
                     81,                 4.4126,                 3.3455,                  4.331,                 1.3664,                0.00121,                0.01495,                0.00069,                0.00014,                0.00043,                0.00528,                0.00022,                  6e-05,                 2.7715,                 1.3066,                 4.9788,                0.85382,              0.0098436,              0.0098436,              0.0098436
                     82,                 4.4386,                 3.4478,                 4.3274,                 1.3687,                0.00068,                0.01055,                0.00054,                0.00013,                0.00068,                0.01055,                0.00035,                  9e-05,                 2.7846,                 1.3046,                 10.186,                0.86448,              0.0098416,              0.0098416,              0.0098416
                     83,                 4.3933,                 3.3106,                 4.4254,                 1.3817,                0.00079,                0.01583,                0.00067,                0.00011,                0.00031,                0.00616,                0.00016,                  9e-05,                 2.7557,                 1.3033,                 7.5419,                 0.8735,              0.0098396,              0.0098396,              0.0098396
                     84,                 4.4394,                 3.4505,                  4.212,                 1.3878,                0.00072,                0.01583,                0.00537,                0.00108,                0.00032,                0.00704,                0.00018,                 0.0001,                 2.8052,                 1.3135,                 13.439,                0.88851,              0.0098376,              0.0098376,              0.0098376
                     85,                 4.4509,                 3.3612,                 4.2531,                 1.3946,                0.00103,                0.00967,                0.00057,                0.00011,                0.00075,                0.00704,                0.00038,                  9e-05,                 2.8079,                 1.2757,                  4.314,                   0.87,              0.0098357,              0.0098357,              0.0098357
                     86,                 4.4199,                 3.2997,                 4.3804,                 1.3858,                0.00127,                0.01671,                0.00071,                0.00014,                0.00067,                 0.0088,                0.00034,                  9e-05,                 2.7432,                 1.3039,                 9.4072,                0.96184,              0.0098337,              0.0098337,              0.0098337
                     87,                 4.3901,                 3.4642,                 4.4056,                 1.3794,                0.00171,                0.01847,                0.00088,                0.00022,                0.00098,                0.01055,                 0.0005,                0.00016,                 2.7875,                 1.3155,                 4.4958,                0.89647,              0.0098317,              0.0098317,              0.0098317
                     88,                 4.4049,                 3.3718,                 4.3465,                 1.3949,                 0.0013,                0.01671,                0.00138,                0.00019,                0.00075,                0.00967,                 0.0004,                0.00015,                 2.7649,                 1.3034,                 5.4008,                0.87753,              0.0098297,              0.0098297,              0.0098297
                     89,                  4.404,                 3.2162,                  4.461,                  1.402,                0.00107,                0.01495,                0.00056,                0.00011,                0.00101,                0.01407,                0.00052,                0.00016,                 2.7332,                 1.3024,                 5.3986,                0.88062,              0.0098277,              0.0098277,              0.0098277
                     90,                 4.4197,                  3.291,                 4.2681,                 1.3801,                0.00106,                0.01407,                0.00055,                0.00013,                0.00079,                0.01055,                0.00047,                0.00014,                 2.7715,                 1.2951,                 5.2533,                0.85815,              0.0098258,              0.0098258,              0.0098258
                     91,                 4.3918,                  3.399,                  4.293,                 1.3798,                0.00174,                0.01671,                0.00588,                0.00068,                0.00018,                0.00176,                0.00011,                  6e-05,                 2.7441,                 1.2617,                 4.1836,                0.86014,              0.0098238,              0.0098238,              0.0098238
                     92,                 4.4183,                  3.287,                 4.2111,                 1.3901,                0.00098,                0.01583,                0.00106,                0.00019,                0.00071,                0.01143,                0.00042,                0.00013,                 2.7598,                 1.3073,                 8.4743,                0.87831,              0.0098218,              0.0098218,              0.0098218
                     93,                 4.4367,                 3.2693,                 4.3617,                 1.3468,                0.00124,                0.01319,                0.00313,                0.00041,                0.00124,                0.01319,                0.00065,                0.00023,                 2.7975,                  1.312,                 5.0101,                0.84892,              0.0098198,              0.0098198,              0.0098198
                     94,                 4.4012,                 3.3638,                 4.3601,                 1.3802,                0.00086,                0.01407,                0.00044,                0.00011,                0.00075,                0.01231,                0.00047,                 0.0001,                 2.7541,                 1.3099,                  10.04,                0.86963,              0.0098178,              0.0098178,              0.0098178
                     95,                 4.3749,                 3.3937,                 4.4276,                 1.3611,                 0.0009,                0.01495,                0.00048,                0.00011,                0.00069,                0.01143,                0.00035,                  7e-05,                 2.7768,                 1.3016,                 7.4691,                0.86172,              0.0098159,              0.0098159,              0.0098159
                     96,                 4.4127,                 3.4848,                 4.2572,                 1.3706,                0.00154,                0.02023,                0.00084,                 0.0002,                 0.0006,                0.00792,                0.00031,                0.00012,                  2.757,                 1.3197,                 6.0704,                0.85422,              0.0098139,              0.0098139,              0.0098139
                     97,                 4.4274,                 3.4145,                 4.2979,                 1.3861,                 0.0014,                0.01847,                0.00103,                0.00024,                 0.0008,                0.01055,                0.00041,                0.00013,                 2.7769,                 1.3144,                 4.8629,                0.86152,              0.0098119,              0.0098119,              0.0098119
                     98,                 4.4405,                 3.4306,                 4.2935,                 1.3747,                 0.0013,                0.01231,                0.00066,                0.00015,                 0.0013,                0.01231,                0.00067,                0.00019,                  2.768,                 1.3036,                 5.0865,                0.85678,              0.0098099,              0.0098099,              0.0098099
                     99,                 4.4058,                 3.4304,                 4.2629,                  1.379,                0.00064,                0.01231,                0.00033,                  8e-05,                0.00059,                0.01143,                0.00044,                  8e-05,                 2.7778,                 1.3056,                 9.7861,                0.87572,              0.0098079,              0.0098079,              0.0098079
                    100,                 4.4353,                 3.2823,                 4.4013,                 1.3728,                0.00135,                0.01319,                0.00075,                0.00013,                0.00063,                0.00616,                0.00032,                 0.0001,                 2.8013,                 1.3093,                 4.2186,                 0.8665,               0.009806,               0.009806,               0.009806
                    101,                  4.398,                 3.4541,                  4.294,                 1.3544,                0.00082,                0.01055,                0.00042,                0.00011,                0.00041,                0.00528,                0.00021,                  7e-05,                  2.796,                 1.3122,                 4.7178,                 0.8567,               0.009804,               0.009804,               0.009804
                    102,                 4.3988,                 3.3378,                 4.2296,                  1.366,                0.00113,                0.01847,                0.00158,                0.00022,                0.00043,                0.00704,                0.00022,                  7e-05,                 2.8198,                  1.304,                 6.0481,                0.87338,               0.009802,               0.009802,               0.009802
                    103,                 4.3959,                 3.3155,                 4.3025,                 1.3819,                0.00113,                0.02111,                0.00061,                0.00015,                0.00019,                0.00352,                 0.0001,                  3e-05,                 2.7759,                 1.3169,                 8.0922,                0.86284,                 0.0098,                 0.0098,                 0.0098
                    104,                 4.3936,                 3.5016,                 4.1594,                 1.3746,                0.00063,                0.01407,                0.00041,                  9e-05,                0.00039,                 0.0088,                0.00021,                  8e-05,                 2.7809,                 1.3072,                 14.367,                0.88392,               0.009798,               0.009798,               0.009798
                    105,                 4.3879,                 3.5064,                 4.2929,                 1.3867,                0.00094,                0.01231,                0.00103,                0.00016,                0.00067,                 0.0088,                0.00039,                  7e-05,                 2.7827,                 1.3005,                 5.8833,                0.91861,              0.0097961,              0.0097961,              0.0097961
                    106,                   4.42,                 3.5088,                 4.2588,                 1.3503,                0.00144,                0.01671,                0.00077,                 0.0002,                0.00084,                0.00967,                0.00042,                 0.0001,                 2.7964,                  1.313,                  4.185,                 0.8503,              0.0097941,              0.0097941,              0.0097941
                    107,                 4.3944,                 3.3449,                 4.4387,                  1.361,                0.00126,                0.01583,                0.00119,                0.00022,                 0.0007,                 0.0088,                0.00035,                0.00011,                 2.7701,                 1.3091,                 4.7777,                0.86108,              0.0097921,              0.0097921,              0.0097921
                    108,                 4.3835,                 3.3026,                 4.2871,                 1.3563,                 0.0013,                0.01847,                 0.0007,                0.00016,                0.00075,                0.01055,                0.00038,                  8e-05,                 2.7589,                 1.3072,                  4.962,                0.85604,              0.0097901,              0.0097901,              0.0097901
                    109,                 4.3593,                 3.4469,                 4.2262,                 1.3981,                0.00083,                0.01495,                0.00044,                0.00013,                0.00058,                0.01055,                0.00031,                  6e-05,                  2.753,                 1.2914,                   6.91,                0.85338,              0.0097881,              0.0097881,              0.0097881
                    110,                 4.3824,                 3.2306,                 4.3017,                 1.3625,                0.00106,                0.01583,                0.00137,                0.00021,                0.00041,                0.00616,                 0.0003,                  8e-05,                 2.7515,                 1.3081,                 6.0982,                0.84949,              0.0097862,              0.0097862,              0.0097862
                    111,                 4.3581,                 3.2341,                 4.2221,                 1.3895,                0.00105,                0.01935,                0.00127,                0.00023,                0.00062,                0.01143,                0.00033,                  6e-05,                 2.7536,                 1.3117,                 7.8569,                 0.8776,              0.0097842,              0.0097842,              0.0097842
                    112,                 4.3743,                 3.3197,                 4.2206,                 1.3724,                0.00118,                0.01847,                0.00062,                0.00015,                0.00022,                0.00352,                0.00012,                  5e-05,                 2.7416,                 1.3094,                 7.3543,                 0.8643,              0.0097822,              0.0097822,              0.0097822
                    113,                 4.4152,                 3.2666,                 4.3131,                 1.3688,                0.00124,                0.01055,                0.00063,                0.00017,                0.00113,                0.00967,                0.00061,                  9e-05,                 2.7933,                 1.3101,                 4.0089,                0.86035,              0.0097802,              0.0097802,              0.0097802
                    114,                 4.3741,                 3.2723,                 4.2271,                  1.362,                0.00085,                0.01671,                0.00045,                0.00014,                0.00045,                 0.0088,                0.00029,                  7e-05,                 2.7736,                 1.3044,                 7.8514,                0.86846,              0.0097782,              0.0097782,              0.0097782
                    115,                 4.3729,                 3.3737,                 4.1938,                 1.3546,                 0.0019,                0.01319,                0.00118,                0.00021,                0.00063,                 0.0044,                0.00035,                  5e-05,                  2.785,                 1.3094,                 3.5601,                 0.8535,              0.0097763,              0.0097763,              0.0097763
                    116,                   4.38,                 3.3143,                 4.2667,                 1.3703,                0.00123,                0.02111,                0.00067,                0.00014,                0.00041,                0.00704,                0.00021,                  5e-05,                 2.7358,                    1.3,                 6.4326,                0.87135,              0.0097743,              0.0097743,              0.0097743
                    117,                 4.3446,                 3.2935,                 4.3727,                  1.406,                 0.0012,                0.01583,                 0.0016,                0.00025,                0.00087,                0.01143,                0.00044,                  7e-05,                 2.7377,                 1.3108,                 4.7552,                 0.8534,              0.0097723,              0.0097723,              0.0097723
                    118,                 4.3603,                 3.2956,                 4.1919,                 1.3736,                0.00135,                0.02023,                0.00071,                0.00018,                0.00047,                0.00704,                0.00024,                  7e-05,                 2.7397,                 1.3067,                 5.3946,                0.86256,              0.0097703,              0.0097703,              0.0097703
                    119,                 4.3832,                 3.4449,                 4.1536,                 1.3693,                0.00132,                0.02111,                0.00086,                0.00018,                0.00055,                 0.0088,                0.00028,                0.00011,                 2.7548,                 1.3025,                 7.2832,                0.86314,              0.0097683,              0.0097683,              0.0097683
                    120,                 4.3506,                 3.3894,                 4.2493,                 1.3533,                0.00132,                0.01759,                0.00079,                0.00018,                0.00105,                0.01407,                0.00055,                0.00013,                 2.7409,                 1.3127,                 5.1096,                0.85959,              0.0097664,              0.0097664,              0.0097664
                    121,                 4.3745,                  3.406,                 4.2133,                 1.3624,                0.00159,                0.02023,                0.00082,                0.00021,                0.00118,                0.01495,                 0.0006,                0.00016,                 2.7278,                 1.3015,                 4.4628,                0.84997,              0.0097644,              0.0097644,              0.0097644
                    122,                  4.331,                 3.4297,                  4.303,                  1.323,                0.00215,                0.01847,                0.00275,                0.00058,                0.00072,                0.00616,                0.00071,                0.00021,                 2.7506,                 1.3013,                 4.5307,                  0.859,              0.0097624,              0.0097624,              0.0097624
                    123,                 4.3836,                  3.384,                 4.2865,                 1.3769,                0.00121,                0.00616,                0.00061,                0.00017,                0.00052,                0.00264,                0.00026,                  8e-05,                 2.7396,                 1.3023,                 3.2231,                0.85129,              0.0097604,              0.0097604,              0.0097604
                    124,                 4.3467,                 3.2896,                 4.3428,                 1.3548,                0.00122,                0.01583,                0.00065,                0.00016,                0.00075,                0.00967,                0.00038,                  7e-05,                  2.765,                 1.3118,                 5.0869,                 0.8587,              0.0097584,              0.0097584,              0.0097584
                    125,                 4.3549,                  3.355,                 4.2091,                 1.3665,                0.00098,                0.02111,                0.00052,                0.00014,                0.00061,                0.01319,                0.00033,                  6e-05,                 2.7758,                 1.2941,                 9.1433,                0.86887,              0.0097565,              0.0097565,              0.0097565
                    126,                  4.362,                 3.3617,                 4.1756,                 1.3553,                 0.0017,                0.02551,                0.00143,                0.00024,                0.00106,                0.01583,                0.00058,                 0.0001,                 2.7408,                  1.287,                 5.2289,                0.86296,              0.0097545,              0.0097545,              0.0097545
                    127,                 4.3542,                 3.2974,                 4.2484,                 1.3856,                0.00183,                0.02639,                0.00102,                0.00022,                0.00079,                0.01143,                0.00041,                  9e-05,                 2.6937,                0.95678,                 7.2737,                 1.0283,              0.0097525,              0.0097525,              0.0097525
                    128,                 4.3599,                 3.3258,                 4.2332,                 1.3598,                0.00145,                0.02199,                0.00076,                0.00016,                0.00098,                0.01495,                0.00053,                0.00015,                 2.7156,                 1.2938,                 6.0777,                0.85562,              0.0097505,              0.0097505,              0.0097505
                    129,                 4.2944,                 3.3657,                 4.0976,                 1.3795,                0.00168,                0.02639,                0.00097,                0.00029,                0.00101,                0.01583,                0.00053,                0.00016,                 2.7121,                  1.295,                 6.5178,                0.87005,              0.0097485,              0.0097485,              0.0097485
                    130,                 4.3532,                 3.2853,                 4.1692,                 1.3767,                 0.0022,                 0.0299,                0.00119,                0.00028,                0.00078,                0.01055,                 0.0004,                  7e-05,                 2.7321,                 1.3077,                 5.8212,                0.84922,              0.0097466,              0.0097466,              0.0097466
                    131,                 4.3474,                  3.363,                  4.237,                 1.3485,                0.00171,                0.02287,                 0.0009,                0.00021,                0.00125,                0.01671,                0.00069,                0.00014,                 2.7605,                 1.2988,                 5.2026,                0.85313,              0.0097446,              0.0097446,              0.0097446
                    132,                 4.3546,                 3.2908,                  4.184,                  1.363,                0.00229,                0.03166,                0.00126,                0.00029,                0.00121,                0.01671,                0.00062,                0.00016,                  2.763,                 1.2382,                 5.0168,                0.89828,              0.0097426,              0.0097426,              0.0097426
                    133,                 4.3606,                 3.3699,                 4.1763,                 1.3803,                0.00137,                0.02199,                 0.0008,                0.00018,                0.00066,                0.01055,                0.00039,                  6e-05,                 2.7534,                 1.2951,                 6.5045,                0.87377,              0.0097406,              0.0097406,              0.0097406
                    134,                 4.2875,                 3.2182,                 4.1734,                 1.3623,                0.00157,                0.02023,                0.00092,                0.00021,                0.00095,                0.01231,                0.00048,                 0.0001,                 2.7285,                 1.2417,                 7.1458,                0.90967,              0.0097386,              0.0097386,              0.0097386
                    135,                 4.3665,                 3.4105,                 4.3172,                 1.4084,                0.00091,                0.02287,                0.00049,                0.00013,                0.00032,                0.00792,                0.00016,                  3e-05,                 2.7245,                 1.2999,                 12.435,                0.89622,              0.0097367,              0.0097367,              0.0097367
                    136,                 4.3239,                 3.2118,                 4.3085,                 1.3608,                0.00144,                0.02287,                0.00129,                0.00023,                  0.001,                0.01583,                0.00054,                  7e-05,                 2.7516,                 1.2089,                 6.5096,                0.87745,              0.0097347,              0.0097347,              0.0097347
                    137,                 4.2881,                 3.2654,                  4.291,                 1.3592,                0.00182,                0.02375,                0.00094,                0.00023,                0.00115,                0.01495,                0.00062,                0.00015,                 2.7208,                 1.2862,                 4.6135,                0.87241,              0.0097327,              0.0097327,              0.0097327
                    138,                 4.3398,                 3.3516,                 4.1655,                 1.3597,                0.00174,                0.02639,                0.00096,                0.00021,                0.00029,                 0.0044,                0.00015,                  7e-05,                 2.7317,                 1.2638,                 5.9064,                0.86492,              0.0097307,              0.0097307,              0.0097307
                    139,                 4.3443,                 3.4127,                 4.2976,                 1.3608,                0.00114,                0.01935,                0.00061,                0.00014,                0.00067,                0.01143,                0.00035,                0.00013,                  2.746,                 1.2998,                 6.4309,                0.86371,              0.0097287,              0.0097287,              0.0097287
                    140,                 4.3297,                 3.3497,                 4.1785,                 1.3698,                0.00115,                0.02023,                0.00064,                0.00017,                 0.0008,                0.01407,                0.00042,                0.00012,                 2.7491,                 1.2828,                 8.3591,                0.87927,              0.0097268,              0.0097268,              0.0097268
                    141,                 4.3234,                 3.3216,                 4.1966,                 1.3624,                0.00154,                0.02375,                0.00094,                0.00024,                0.00057,                 0.0088,                0.00031,                  9e-05,                  2.713,                  1.301,                 5.8048,                0.86388,              0.0097248,              0.0097248,              0.0097248
                    142,                   4.33,                 3.2546,                 4.2508,                 1.3937,                0.00113,                0.01847,                 0.0006,                0.00015,                0.00102,                0.01671,                0.00055,                0.00018,                 2.7295,                 1.2993,                  6.968,                0.88332,              0.0097228,              0.0097228,              0.0097228
                    143,                 4.3233,                 3.3663,                 4.1892,                 1.3801,                0.00152,                0.02726,                0.00083,                0.00022,                0.00084,                0.01495,                0.00047,                0.00014,                 2.7376,                 1.3034,                 7.2401,                0.87618,              0.0097208,              0.0097208,              0.0097208
                    144,                 4.3354,                  3.332,                 4.2208,                 1.3709,                0.00193,                0.02814,                 0.0011,                0.00029,                0.00133,                0.01935,                0.00086,                0.00022,                 2.7443,                 1.2851,                 7.1501,                 0.8635,              0.0097188,              0.0097188,              0.0097188
                    145,                 4.3151,                 3.2811,                 4.1803,                  1.374,                0.00158,                0.01847,                0.00082,                0.00022,                0.00121,                0.01407,                0.00062,                0.00016,                 2.7614,                 1.2875,                 4.5063,                0.85661,              0.0097169,              0.0097169,              0.0097169
                    146,                 4.3301,                 3.3214,                 4.2106,                 1.3589,                0.00265,                0.02463,                0.00137,                0.00033,                0.00095,                 0.0088,                 0.0005,                  9e-05,                 2.7219,                 1.2848,                   4.24,                0.84572,              0.0097149,              0.0097149,              0.0097149
                    147,                 4.2894,                 3.2843,                 4.1322,                 1.3708,                0.00158,                0.02814,                0.00094,                0.00023,                0.00069,                0.01231,                0.00036,                0.00012,                 2.7263,                 1.2917,                 6.6879,                0.86705,              0.0097129,              0.0097129,              0.0097129
                    148,                 4.2832,                 3.3363,                 4.2957,                 1.3828,                 0.0016,                0.02463,                0.00083,                0.00018,                0.00125,                0.01935,                0.00079,                0.00018,                  2.722,                 1.2452,                 5.2423,                0.87946,              0.0097109,              0.0097109,              0.0097109
                    149,                 4.2873,                  3.357,                 4.2153,                 1.3738,                0.00169,                0.02726,                0.00107,                0.00033,                0.00071,                0.01143,                0.00037,                  8e-05,                 2.7335,                 1.2423,                 6.5634,                0.96596,              0.0097089,              0.0097089,              0.0097089
                    150,                 4.2812,                 3.3599,                 4.2293,                 1.3535,                0.00191,                0.02023,                0.00105,                0.00027,                0.00075,                0.00792,                0.00039,                  7e-05,                 2.7456,                 1.2872,                 4.2623,                0.85676,               0.009707,               0.009707,               0.009707
                    151,                 4.2843,                 3.2913,                 4.2548,                 1.3528,                0.00184,                0.02639,                0.00168,                0.00038,                0.00116,                0.01671,                0.00083,                0.00015,                 2.7282,                 1.2863,                 5.4708,                0.86595,               0.009705,               0.009705,               0.009705
                    152,                 4.2306,                 3.2904,                 4.2398,                 1.3676,                0.00131,                0.02463,                0.00072,                0.00017,                0.00094,                0.01759,                0.00051,                0.00012,                 2.7285,                 1.2822,                 7.4373,                0.87219,               0.009703,               0.009703,               0.009703
                    153,                 4.3199,                 3.3038,                  4.251,                 1.3546,                0.00186,                0.03166,                 0.0011,                0.00029,                0.00114,                0.01935,                 0.0006,                0.00014,                  2.705,                 1.2854,                 6.2276,                 0.8779,               0.009701,               0.009701,               0.009701
                    154,                 4.2834,                 3.3027,                 4.1219,                 1.3542,                0.00161,                0.02463,                0.00102,                 0.0003,                0.00075,                0.01143,                0.00042,                0.00012,                 2.7225,                 1.3013,                   5.69,                0.86426,               0.009699,               0.009699,               0.009699
                    155,                 4.3056,                 3.3082,                 4.1217,                 1.3697,                0.00139,                0.02814,                0.00078,                0.00019,                  0.001,                0.02023,                0.00059,                0.00022,                 2.6912,                 1.2768,                 10.145,                0.86424,              0.0096971,              0.0096971,              0.0096971
                    156,                 4.2984,                 3.3071,                 4.2107,                 1.3587,                0.00143,                0.02375,                0.00577,                0.00097,                0.00069,                0.01143,                 0.0004,                0.00012,                 2.7174,                 1.2925,                 6.1009,                0.85726,              0.0096951,              0.0096951,              0.0096951
                    157,                 4.2315,                  3.289,                 4.2075,                 1.3712,                0.00242,                0.03342,                0.00167,                0.00034,                0.00076,                0.01055,                 0.0004,                  9e-05,                 2.7118,                 1.2893,                  4.747,                0.88122,              0.0096931,              0.0096931,              0.0096931
                    158,                 4.2845,                 3.1981,                 4.3151,                 1.3661,                0.00176,                0.02902,                0.00092,                0.00025,                 0.0008,                0.01319,                0.00051,                 0.0001,                 2.7588,                 1.2896,                 5.7188,                0.88423,              0.0096911,              0.0096911,              0.0096911
                    159,                 4.2466,                  3.353,                 4.1967,                  1.346,                0.00169,                0.02814,                0.00093,                0.00023,                0.00084,                0.01407,                0.00043,                  9e-05,                 2.6939,                 1.2863,                   7.05,                0.84846,              0.0096891,              0.0096891,              0.0096891
                    160,                 4.2785,                 3.3453,                 4.2365,                 1.3683,                0.00194,                0.03166,                0.00108,                0.00023,                 0.0014,                0.02287,                0.00076,                0.00021,                 2.7544,                 1.3017,                 5.9762,                0.90465,              0.0096872,              0.0096872,              0.0096872
                    161,                 4.3025,                   3.26,                  4.124,                 1.3571,                0.00128,                0.02463,                0.00141,                0.00048,                0.00078,                0.01495,                0.00102,                0.00017,                 2.7711,                 1.2858,                 8.9337,                 0.8635,              0.0096852,              0.0096852,              0.0096852
                    162,                 4.2957,                 3.3466,                 4.0985,                 1.3505,                0.00235,                0.03342,                0.00164,                0.00041,                0.00148,                0.02111,                0.00079,                0.00028,                 2.7077,                 1.2753,                 5.9928,                0.85629,              0.0096832,              0.0096832,              0.0096832
                    163,                 4.2557,                 3.4173,                 4.1912,                 1.3355,                0.00198,                0.03606,                0.00131,                0.00034,                0.00092,                0.01671,                0.00048,                0.00018,                 2.7335,                 1.2729,                 7.1927,                0.85274,              0.0096812,              0.0096812,              0.0096812
                    164,                 4.3045,                 3.4298,                 4.0496,                 1.3585,                0.00196,                0.03518,                0.00166,                0.00046,                0.00103,                0.01847,                0.00056,                0.00014,                 2.7243,                 1.2738,                  7.248,                0.85866,              0.0096792,              0.0096792,              0.0096792
                    165,                 4.2761,                 3.2761,                 4.1165,                 1.3539,                0.00249,                0.03342,                0.00131,                0.00037,                0.00138,                0.01847,                0.00072,                0.00021,                 2.7223,                 1.2501,                 4.6302,                0.90988,              0.0096773,              0.0096773,              0.0096773
                    166,                 4.2522,                 3.3637,                  4.131,                 1.3594,                0.00181,                 0.0299,                0.00113,                0.00033,                0.00096,                0.01583,                0.00049,                0.00017,                 2.7376,                   1.29,                 7.0428,                 0.8566,              0.0096753,              0.0096753,              0.0096753
                    167,                 4.2844,                 3.2068,                  4.192,                 1.3486,                 0.0024,                0.03694,                0.00211,                0.00073,                0.00109,                0.01671,                 0.0006,                0.00018,                 2.7024,                 1.2779,                 6.1869,                 0.8564,              0.0096733,              0.0096733,              0.0096733
